Accuracy,Precision,Recall,F1-Score
0.8331932773109244,0.8341003323165381,0.8331932773109244,0.8330614379152281
0.9613445378151261,0.9640071317473428,0.9613445378151261,0.9612941147596304
0.9575630252100841,0.9607621299145959,0.9575630252100841,0.9574954320944012
0.5949579831932773,0.774429057887844,0.5949579831932773,0.5167702895594228
0.6050420168067226,0.7777381212018706,0.6050420168067226,0.5332558626117392
0.8609243697478992,0.8908752182839599,0.8609243697478992,0.8582833537237055
0.9054621848739496,0.9202615266971773,0.9054621848739496,0.9046554076649416
0.5907563025210084,0.7730577369840305,0.5907563025210084,0.5097729453471438
0.5449579831932773,0.7577211276514384,0.5449579831932773,0.4280067650891668
0.565546218487395,0.7648185053001263,0.565546218487395,0.4660803693169083
0.5441176470588235,0.7574115348854156,0.5441176470588235,0.42640282821047976
0.5441176470588235,0.7574115348854156,0.5441176470588235,0.42640282821047976
0.5441176470588235,0.7574115348854156,0.5441176470588235,0.42640282821047976
0.5441176470588235,0.7574115348854156,0.5441176470588235,0.42640282821047976
0.5441176470588235,0.7574115348854156,0.5441176470588235,0.42640282821047976
0.5441176470588235,0.7574115348854156,0.5441176470588235,0.42640282821047976
0.5441176470588235,0.7574115348854156,0.5441176470588235,0.42640282821047976
0.5441176470588235,0.7574115348854156,0.5441176470588235,0.42640282821047976
0.5441176470588235,0.7574115348854156,0.5441176470588235,0.42640282821047976
0.5441176470588235,0.7574115348854156,0.5441176470588235,0.42640282821047976
0.5441176470588235,0.7574115348854156,0.5441176470588235,0.42640282821047976
0.5441176470588235,0.7574115348854156,0.5441176470588235,0.42640282821047976
0.5441176470588235,0.7574115348854156,0.5441176470588235,0.42640282821047976
0.5441176470588235,0.7574115348854156,0.5441176470588235,0.42640282821047976
0.5441176470588235,0.7574115348854156,0.5441176470588235,0.42640282821047976
0.5441176470588235,0.7574115348854156,0.5441176470588235,0.42640282821047976
0.5441176470588235,0.7574115348854156,0.5441176470588235,0.42640282821047976
0.5441176470588235,0.7574115348854156,0.5441176470588235,0.42640282821047976
0.5441176470588235,0.7574115348854156,0.5441176470588235,0.42640282821047976
0.5579831932773109,0.7622881934526942,0.5579831932773109,0.45235990541706306
0.5600840336134454,0.76299697043781,0.5600840336134454,0.4562012017663113
0.5441176470588235,0.7574115348854156,0.5441176470588235,0.42640282821047976
0.5441176470588235,0.7574115348854156,0.5441176470588235,0.42640282821047976
0.5441176470588235,0.7574115348854156,0.5441176470588235,0.42640282821047976
0.5441176470588235,0.7574115348854156,0.5441176470588235,0.42640282821047976
0.5441176470588235,0.7574115348854156,0.5441176470588235,0.42640282821047976
0.5579831932773109,0.7622881934526942,0.5579831932773109,0.45235990541706306
0.5441176470588235,0.7574115348854156,0.5441176470588235,0.42640282821047976
0.5441176470588235,0.7574115348854156,0.5441176470588235,0.42640282821047976
0.5441176470588235,0.7574115348854156,0.5441176470588235,0.42640282821047976
0.5441176470588235,0.7574115348854156,0.5441176470588235,0.42640282821047976
0.5441176470588235,0.7574115348854156,0.5441176470588235,0.42640282821047976
0.5441176470588235,0.7574115348854156,0.5441176470588235,0.42640282821047976
0.5441176470588235,0.7574115348854156,0.5441176470588235,0.42640282821047976
0.5441176470588235,0.7574115348854156,0.5441176470588235,0.42640282821047976
0.5441176470588235,0.7574115348854156,0.5441176470588235,0.42640282821047976
0.5441176470588235,0.7574115348854156,0.5441176470588235,0.42640282821047976
0.5441176470588235,0.7574115348854156,0.5441176470588235,0.42640282821047976
0.5441176470588235,0.7574115348854156,0.5441176470588235,0.42640282821047976
0.5441176470588235,0.7574115348854156,0.5441176470588235,0.42640282821047976
